Id,ProductCategory,Score,Summary,Text
1,Pet Food,4,Great quality and fast shipping,"Great quality and fast shipping, will definitely buy again"
2,Electronics Accessories,5,Excellent value for money,"Excellent value for money, highly recommend to everyone Really."
3,Beverages,5,Great quality and fast shipping,"Great quality and fast shipping, will definitely buy again Bought it last week."
4,Snacks,5,Perfect gift idea,"Perfect gift idea, everyone who tried it was impressed Just my honest opinion."
5,Kitchen Tools,2,Very disappointed with this purchase,"Very disappointed with this purchase, would not recommend"
6,Snacks,2,The taste was awful and the packaging wa,The taste was awful and the packaging was damaged Bought it last week.
7,Coffee & Tea,1,I regret buying this,"I regret buying this, it did not meet expectations at all Really."
8,Pet Food,5,Excellent value for money,"Excellent value for money, highly recommend to everyone Just my honest opinion."
9,Coffee & Tea,5,I absolutely love this product,"I absolutely love this product, it works perfectly and exceeded my expectations Really."
10,Electronics Accessories,5,Fantastic taste and great packaging,"Fantastic taste and great packaging, five stars from me Overall a solid experience."
11,Beverages,1,The taste was awful and the packaging wa,The taste was awful and the packaging was damaged Overall a solid experience.
12,Beverages,5,Great quality and fast shipping,"Great quality and fast shipping, will definitely buy again Just my honest opinion."
13,Pet Food,5,Fantastic taste and great packaging,"Fantastic taste and great packaging, five stars from me Overall a solid experience."
14,Beverages,3,It is okay,"It is okay, nothing special but does the job Just my honest opinion."
15,Pet Food,3,Does what it says,"Does what it says, nothing more nothing less"
16,Kitchen Tools,3,The product is acceptable but packaging ,The product is acceptable but packaging could be better Bought it last week.
17,Kitchen Tools,4,Great quality and fast shipping,"Great quality and fast shipping, will definitely buy again"
18,Kitchen Tools,4,Works exactly as described,"Works exactly as described, very happy with this purchase"
19,Pet Food,4,Great quality and fast shipping,"Great quality and fast shipping, will definitely buy again Just my honest opinion."
20,Electronics Accessories,3,It is fine for daily use,"It is fine for daily use, no major complaints Overall a solid experience."
21,Kitchen Tools,5,Fantastic taste and great packaging,"Fantastic taste and great packaging, five stars from me Overall a solid experience."
22,Electronics Accessories,2,Poor customer service and the product ar,Poor customer service and the product arrived late
23,Health Supplements,3,It works fine,"It works fine, though I expected a bit more Really."
24,Kitchen Tools,4,The best product I have tried so far,"The best product I have tried so far, will reorder soon Overall a solid experience."
25,Kitchen Tools,4,Fantastic taste and great packaging,"Fantastic taste and great packaging, five stars from me"
26,Coffee & Tea,5,I absolutely love this product,"I absolutely love this product, it works perfectly and exceeded my expectations Overall a solid experience."
27,Kitchen Tools,3,Not sure if I would buy this again,"Not sure if I would buy this again, it is just fine"
28,Kitchen Tools,4,Perfect gift idea,"Perfect gift idea, everyone who tried it was impressed Overall a solid experience."
29,Health Supplements,5,Super satisfied with the quality and the,Super satisfied with the quality and the price point Just my honest opinion.
30,Electronics Accessories,1,Waste of money,"Waste of money, does not work as advertised Overall a solid experience."
31,Pet Food,5,Excellent value for money,"Excellent value for money, highly recommend to everyone Bought it last week."
32,Coffee & Tea,2,Completely useless,"Completely useless, going to return it immediately Bought it last week."
33,Electronics Accessories,1,This is the worst product I have ever bo,This is the worst product I have ever bought Really.
34,Beverages,5,My family loves it,"My family loves it, we buy this every single month now Just my honest opinion."
35,Electronics Accessories,5,I absolutely love this product,"I absolutely love this product, it works perfectly and exceeded my expectations"
36,Beverages,5,This is amazing,"This is amazing, best purchase I have made this year Just my honest opinion."
37,Health Supplements,4,The best product I have tried so far,"The best product I have tried so far, will reorder soon Just my honest opinion."
38,Snacks,1,I regret buying this,"I regret buying this, it did not meet expectations at all Overall a solid experience."
39,Pet Food,5,Great quality and fast shipping,"Great quality and fast shipping, will definitely buy again Bought it last week."
40,Pet Food,4,Fantastic taste and great packaging,"Fantastic taste and great packaging, five stars from me"
41,Health Supplements,2,Completely useless,"Completely useless, going to return it immediately Really."
42,Electronics Accessories,4,I absolutely love this product,"I absolutely love this product, it works perfectly and exceeded my expectations Overall a solid experience."
43,Pet Food,1,I regret buying this,"I regret buying this, it did not meet expectations at all"
44,Kitchen Tools,5,My family loves it,"My family loves it, we buy this every single month now Bought it last week."
45,Electronics Accessories,3,Decent quality for the price,"Decent quality for the price, meets basic expectations Overall a solid experience."
46,Snacks,5,My family loves it,"My family loves it, we buy this every single month now Bought it last week."
47,Health Supplements,4,Perfect gift idea,"Perfect gift idea, everyone who tried it was impressed Overall a solid experience."
48,Skincare,4,I absolutely love this product,"I absolutely love this product, it works perfectly and exceeded my expectations"
49,Snacks,4,Works exactly as described,"Works exactly as described, very happy with this purchase Really."
50,Beverages,3,It works fine,"It works fine, though I expected a bit more Bought it last week."
51,Beverages,5,Great quality and fast shipping,"Great quality and fast shipping, will definitely buy again Just my honest opinion."
52,Electronics Accessories,5,My family loves it,"My family loves it, we buy this every single month now Really."
53,Electronics Accessories,5,Super satisfied with the quality and the,Super satisfied with the quality and the price point Bought it last week.
54,Coffee & Tea,5,Works exactly as described,"Works exactly as described, very happy with this purchase Bought it last week."
55,Kitchen Tools,5,Excellent value for money,"Excellent value for money, highly recommend to everyone Bought it last week."
56,Skincare,5,Works exactly as described,"Works exactly as described, very happy with this purchase Just my honest opinion."
57,Health Supplements,1,Not worth the price,"Not worth the price, quality is really bad Bought it last week."
58,Kitchen Tools,3,Average product,"Average product, not bad but not great either Really."
59,Snacks,1,Terrible quality,"Terrible quality, broke after just one use Overall a solid experience."
60,Kitchen Tools,4,Perfect gift idea,"Perfect gift idea, everyone who tried it was impressed Bought it last week."
61,Snacks,4,Perfect gift idea,"Perfect gift idea, everyone who tried it was impressed Really."
62,Kitchen Tools,3,Average product,"Average product, not bad but not great either"
63,Skincare,5,Great quality and fast shipping,"Great quality and fast shipping, will definitely buy again"
64,Kitchen Tools,4,Great quality and fast shipping,"Great quality and fast shipping, will definitely buy again Bought it last week."
65,Kitchen Tools,3,Not sure if I would buy this again,"Not sure if I would buy this again, it is just fine Just my honest opinion."
66,Health Supplements,4,My family loves it,"My family loves it, we buy this every single month now Really."
67,Coffee & Tea,2,The taste was awful and the packaging wa,The taste was awful and the packaging was damaged Just my honest opinion.
68,Beverages,5,Excellent value for money,"Excellent value for money, highly recommend to everyone"
69,Coffee & Tea,1,Completely useless,"Completely useless, going to return it immediately Overall a solid experience."
70,Snacks,5,The best product I have tried so far,"The best product I have tried so far, will reorder soon Just my honest opinion."
71,Coffee & Tea,5,Great quality and fast shipping,"Great quality and fast shipping, will definitely buy again"
72,Kitchen Tools,3,The product is acceptable but packaging ,The product is acceptable but packaging could be better
73,Health Supplements,1,The taste was awful and the packaging wa,The taste was awful and the packaging was damaged Really.
74,Electronics Accessories,5,This is amazing,"This is amazing, best purchase I have made this year Just my honest opinion."
75,Kitchen Tools,5,Works exactly as described,"Works exactly as described, very happy with this purchase Just my honest opinion."
76,Beverages,5,Great quality and fast shipping,"Great quality and fast shipping, will definitely buy again Just my honest opinion."
77,Snacks,5,I absolutely love this product,"I absolutely love this product, it works perfectly and exceeded my expectations Bought it last week."
78,Electronics Accessories,1,Terrible quality,"Terrible quality, broke after just one use Really."
79,Health Supplements,4,The best product I have tried so far,"The best product I have tried so far, will reorder soon Just my honest opinion."
80,Snacks,2,The taste was awful and the packaging wa,The taste was awful and the packaging was damaged Just my honest opinion.
81,Snacks,5,This is amazing,"This is amazing, best purchase I have made this year Just my honest opinion."
82,Health Supplements,5,The best product I have tried so far,"The best product I have tried so far, will reorder soon Overall a solid experience."
83,Health Supplements,4,Works exactly as described,"Works exactly as described, very happy with this purchase Just my honest opinion."
84,Pet Food,1,Waste of money,"Waste of money, does not work as advertised Really."
85,Snacks,4,Excellent value for money,"Excellent value for money, highly recommend to everyone"
86,Snacks,4,Fantastic taste and great packaging,"Fantastic taste and great packaging, five stars from me"
87,Electronics Accessories,5,Perfect gift idea,"Perfect gift idea, everyone who tried it was impressed Just my honest opinion."
88,Beverages,5,I absolutely love this product,"I absolutely love this product, it works perfectly and exceeded my expectations Bought it last week."
89,Beverages,5,This is amazing,"This is amazing, best purchase I have made this year"
90,Beverages,4,Excellent value for money,"Excellent value for money, highly recommend to everyone Just my honest opinion."
91,Snacks,2,The taste was awful and the packaging wa,The taste was awful and the packaging was damaged Bought it last week.
92,Coffee & Tea,5,Perfect gift idea,"Perfect gift idea, everyone who tried it was impressed"
93,Skincare,5,Perfect gift idea,"Perfect gift idea, everyone who tried it was impressed Bought it last week."
94,Skincare,5,Works exactly as described,"Works exactly as described, very happy with this purchase Really."
95,Coffee & Tea,5,Excellent value for money,"Excellent value for money, highly recommend to everyone Overall a solid experience."
96,Health Supplements,4,This is amazing,"This is amazing, best purchase I have made this year Overall a solid experience."
97,Snacks,4,Fantastic taste and great packaging,"Fantastic taste and great packaging, five stars from me"
98,Beverages,4,Super satisfied with the quality and the,Super satisfied with the quality and the price point Bought it last week.
99,Kitchen Tools,1,Terrible quality,"Terrible quality, broke after just one use Bought it last week."
100,Electronics Accessories,2,I regret buying this,"I regret buying this, it did not meet expectations at all Overall a solid experience."
101,Kitchen Tools,1,This is the worst product I have ever bo,This is the worst product I have ever bought
102,Electronics Accessories,5,Fantastic taste and great packaging,"Fantastic taste and great packaging, five stars from me Overall a solid experience."
103,Pet Food,4,Super satisfied with the quality and the,Super satisfied with the quality and the price point Bought it last week.
104,Snacks,4,Perfect gift idea,"Perfect gift idea, everyone who tried it was impressed Bought it last week."
105,Beverages,5,My family loves it,"My family loves it, we buy this every single month now Overall a solid experience."
106,Beverages,3,Decent quality for the price,"Decent quality for the price, meets basic expectations Overall a solid experience."
107,Electronics Accessories,4,Great quality and fast shipping,"Great quality and fast shipping, will definitely buy again Bought it last week."
108,Kitchen Tools,5,Works exactly as described,"Works exactly as described, very happy with this purchase Overall a solid experience."
109,Pet Food,3,The product is acceptable but packaging ,The product is acceptable but packaging could be better Really.
110,Pet Food,1,I regret buying this,"I regret buying this, it did not meet expectations at all Just my honest opinion."
111,Coffee & Tea,3,It is okay,"It is okay, nothing special but does the job"
112,Snacks,2,Poor customer service and the product ar,Poor customer service and the product arrived late
113,Pet Food,5,Fantastic taste and great packaging,"Fantastic taste and great packaging, five stars from me Really."
114,Coffee & Tea,5,This is amazing,"This is amazing, best purchase I have made this year Just my honest opinion."
115,Beverages,5,My family loves it,"My family loves it, we buy this every single month now"
116,Snacks,5,Great quality and fast shipping,"Great quality and fast shipping, will definitely buy again Really."
117,Electronics Accessories,5,Fantastic taste and great packaging,"Fantastic taste and great packaging, five stars from me Bought it last week."
118,Snacks,3,Does what it says,"Does what it says, nothing more nothing less Really."
119,Snacks,5,Works exactly as described,"Works exactly as described, very happy with this purchase Overall a solid experience."
120,Kitchen Tools,4,Fantastic taste and great packaging,"Fantastic taste and great packaging, five stars from me Really."
121,Coffee & Tea,5,Great quality and fast shipping,"Great quality and fast shipping, will definitely buy again Overall a solid experience."
122,Kitchen Tools,5,Perfect gift idea,"Perfect gift idea, everyone who tried it was impressed Really."
123,Coffee & Tea,4,This is amazing,"This is amazing, best purchase I have made this year Really."
124,Skincare,2,Very disappointed with this purchase,"Very disappointed with this purchase, would not recommend Really."
125,Pet Food,3,Does what it says,"Does what it says, nothing more nothing less Really."
126,Coffee & Tea,4,This is amazing,"This is amazing, best purchase I have made this year"
127,Kitchen Tools,5,I absolutely love this product,"I absolutely love this product, it works perfectly and exceeded my expectations Just my honest opinion."
128,Skincare,5,Excellent value for money,"Excellent value for money, highly recommend to everyone Just my honest opinion."
129,Kitchen Tools,1,Poor customer service and the product ar,Poor customer service and the product arrived late Really.
130,Coffee & Tea,4,I absolutely love this product,"I absolutely love this product, it works perfectly and exceeded my expectations Really."
131,Beverages,4,Fantastic taste and great packaging,"Fantastic taste and great packaging, five stars from me Overall a solid experience."
132,Coffee & Tea,3,Not sure if I would buy this again,"Not sure if I would buy this again, it is just fine Overall a solid experience."
133,Snacks,2,I regret buying this,"I regret buying this, it did not meet expectations at all Overall a solid experience."
134,Electronics Accessories,4,Great quality and fast shipping,"Great quality and fast shipping, will definitely buy again Overall a solid experience."
135,Snacks,5,Perfect gift idea,"Perfect gift idea, everyone who tried it was impressed Overall a solid experience."
136,Coffee & Tea,4,Great quality and fast shipping,"Great quality and fast shipping, will definitely buy again Bought it last week."
137,Coffee & Tea,4,Fantastic taste and great packaging,"Fantastic taste and great packaging, five stars from me Overall a solid experience."
138,Beverages,5,Perfect gift idea,"Perfect gift idea, everyone who tried it was impressed Bought it last week."
139,Kitchen Tools,4,The best product I have tried so far,"The best product I have tried so far, will reorder soon Bought it last week."
140,Coffee & Tea,5,Works exactly as described,"Works exactly as described, very happy with this purchase"
141,Kitchen Tools,5,I absolutely love this product,"I absolutely love this product, it works perfectly and exceeded my expectations Bought it last week."
142,Beverages,3,The product is acceptable but packaging ,The product is acceptable but packaging could be better Just my honest opinion.
143,Skincare,4,Fantastic taste and great packaging,"Fantastic taste and great packaging, five stars from me Bought it last week."
144,Pet Food,4,Great quality and fast shipping,"Great quality and fast shipping, will definitely buy again Overall a solid experience."
145,Coffee & Tea,3,Does what it says,"Does what it says, nothing more nothing less Overall a solid experience."
146,Electronics Accessories,1,Poor customer service and the product ar,Poor customer service and the product arrived late Bought it last week.
147,Coffee & Tea,5,Excellent value for money,"Excellent value for money, highly recommend to everyone Just my honest opinion."
148,Pet Food,4,This is amazing,"This is amazing, best purchase I have made this year Bought it last week."
149,Snacks,1,Completely useless,"Completely useless, going to return it immediately Bought it last week."
150,Kitchen Tools,3,Not sure if I would buy this again,"Not sure if I would buy this again, it is just fine Overall a solid experience."
151,Skincare,5,The best product I have tried so far,"The best product I have tried so far, will reorder soon Bought it last week."
152,Health Supplements,3,It is fine for daily use,"It is fine for daily use, no major complaints Just my honest opinion."
153,Health Supplements,2,The taste was awful and the packaging wa,The taste was awful and the packaging was damaged Bought it last week.
154,Pet Food,4,This is amazing,"This is amazing, best purchase I have made this year"
155,Skincare,5,My family loves it,"My family loves it, we buy this every single month now Bought it last week."
156,Pet Food,3,Average product,"Average product, not bad but not great either Really."
157,Electronics Accessories,5,Excellent value for money,"Excellent value for money, highly recommend to everyone Really."
158,Kitchen Tools,5,I absolutely love this product,"I absolutely love this product, it works perfectly and exceeded my expectations"
159,Beverages,3,It is fine for daily use,"It is fine for daily use, no major complaints Bought it last week."
160,Kitchen Tools,5,Super satisfied with the quality and the,Super satisfied with the quality and the price point Just my honest opinion.
161,Coffee & Tea,4,The best product I have tried so far,"The best product I have tried so far, will reorder soon Just my honest opinion."
162,Snacks,5,Excellent value for money,"Excellent value for money, highly recommend to everyone Really."
163,Kitchen Tools,5,Great quality and fast shipping,"Great quality and fast shipping, will definitely buy again Just my honest opinion."
164,Health Supplements,4,This is amazing,"This is amazing, best purchase I have made this year Bought it last week."
165,Kitchen Tools,1,Very disappointed with this purchase,"Very disappointed with this purchase, would not recommend Bought it last week."
166,Electronics Accessories,5,Great quality and fast shipping,"Great quality and fast shipping, will definitely buy again Just my honest opinion."
167,Skincare,4,Super satisfied with the quality and the,Super satisfied with the quality and the price point Bought it last week.
168,Coffee & Tea,3,It is fine for daily use,"It is fine for daily use, no major complaints Bought it last week."
169,Electronics Accessories,1,I regret buying this,"I regret buying this, it did not meet expectations at all Just my honest opinion."
170,Pet Food,5,Super satisfied with the quality and the,Super satisfied with the quality and the price point Just my honest opinion.
171,Health Supplements,5,Excellent value for money,"Excellent value for money, highly recommend to everyone Overall a solid experience."
172,Health Supplements,1,The taste was awful and the packaging wa,The taste was awful and the packaging was damaged Overall a solid experience.
173,Kitchen Tools,4,Great quality and fast shipping,"Great quality and fast shipping, will definitely buy again Overall a solid experience."
174,Skincare,3,Not sure if I would buy this again,"Not sure if I would buy this again, it is just fine Overall a solid experience."
175,Electronics Accessories,5,My family loves it,"My family loves it, we buy this every single month now"
176,Coffee & Tea,2,Waste of money,"Waste of money, does not work as advertised Really."
177,Beverages,5,This is amazing,"This is amazing, best purchase I have made this year Really."
178,Skincare,4,The best product I have tried so far,"The best product I have tried so far, will reorder soon Just my honest opinion."
179,Coffee & Tea,5,My family loves it,"My family loves it, we buy this every single month now Just my honest opinion."
180,Coffee & Tea,2,Very disappointed with this purchase,"Very disappointed with this purchase, would not recommend Really."
181,Snacks,4,The best product I have tried so far,"The best product I have tried so far, will reorder soon Bought it last week."
182,Snacks,2,Completely useless,"Completely useless, going to return it immediately Just my honest opinion."
183,Coffee & Tea,5,Fantastic taste and great packaging,"Fantastic taste and great packaging, five stars from me Overall a solid experience."
184,Kitchen Tools,5,The best product I have tried so far,"The best product I have tried so far, will reorder soon Bought it last week."
185,Pet Food,3,It is fine for daily use,"It is fine for daily use, no major complaints Really."
186,Snacks,5,The best product I have tried so far,"The best product I have tried so far, will reorder soon Just my honest opinion."
187,Coffee & Tea,5,The best product I have tried so far,"The best product I have tried so far, will reorder soon Overall a solid experience."
188,Electronics Accessories,5,This is amazing,"This is amazing, best purchase I have made this year Just my honest opinion."
189,Snacks,4,Perfect gift idea,"Perfect gift idea, everyone who tried it was impressed Bought it last week."
190,Snacks,3,Does what it says,"Does what it says, nothing more nothing less Bought it last week."
191,Electronics Accessories,1,Terrible quality,"Terrible quality, broke after just one use Just my honest opinion."
192,Snacks,5,Super satisfied with the quality and the,Super satisfied with the quality and the price point Really.
193,Skincare,5,Works exactly as described,"Works exactly as described, very happy with this purchase Just my honest opinion."
194,Skincare,5,Excellent value for money,"Excellent value for money, highly recommend to everyone Just my honest opinion."
195,Pet Food,4,Fantastic taste and great packaging,"Fantastic taste and great packaging, five stars from me Just my honest opinion."
196,Beverages,4,The best product I have tried so far,"The best product I have tried so far, will reorder soon Overall a solid experience."
197,Snacks,5,Super satisfied with the quality and the,Super satisfied with the quality and the price point
198,Beverages,5,Fantastic taste and great packaging,"Fantastic taste and great packaging, five stars from me Really."
199,Kitchen Tools,5,I absolutely love this product,"I absolutely love this product, it works perfectly and exceeded my expectations"
200,Electronics Accessories,5,Excellent value for money,"Excellent value for money, highly recommend to everyone"
201,Health Supplements,5,Excellent value for money,"Excellent value for money, highly recommend to everyone Really."
202,Kitchen Tools,1,Terrible quality,"Terrible quality, broke after just one use Bought it last week."
203,Skincare,2,Not worth the price,"Not worth the price, quality is really bad Overall a solid experience."
204,Beverages,5,This is amazing,"This is amazing, best purchase I have made this year Bought it last week."
205,Beverages,5,This is amazing,"This is amazing, best purchase I have made this year Overall a solid experience."
206,Coffee & Tea,1,Very disappointed with this purchase,"Very disappointed with this purchase, would not recommend Overall a solid experience."
207,Beverages,2,Completely useless,"Completely useless, going to return it immediately Really."
208,Beverages,5,Perfect gift idea,"Perfect gift idea, everyone who tried it was impressed Really."
209,Beverages,1,Poor customer service and the product ar,Poor customer service and the product arrived late Bought it last week.
210,Coffee & Tea,2,Very disappointed with this purchase,"Very disappointed with this purchase, would not recommend Overall a solid experience."
211,Skincare,4,Fantastic taste and great packaging,"Fantastic taste and great packaging, five stars from me"
212,Health Supplements,5,I absolutely love this product,"I absolutely love this product, it works perfectly and exceeded my expectations Just my honest opinion."
213,Skincare,5,Great quality and fast shipping,"Great quality and fast shipping, will definitely buy again Just my honest opinion."
214,Coffee & Tea,3,It is fine for daily use,"It is fine for daily use, no major complaints Really."
215,Pet Food,5,This is amazing,"This is amazing, best purchase I have made this year Bought it last week."
216,Coffee & Tea,3,It is fine for daily use,"It is fine for daily use, no major complaints Just my honest opinion."
217,Skincare,4,Perfect gift idea,"Perfect gift idea, everyone who tried it was impressed Overall a solid experience."
218,Pet Food,5,Excellent value for money,"Excellent value for money, highly recommend to everyone"
219,Health Supplements,5,Super satisfied with the quality and the,Super satisfied with the quality and the price point Really.
220,Coffee & Tea,5,Perfect gift idea,"Perfect gift idea, everyone who tried it was impressed Bought it last week."
221,Health Supplements,5,Fantastic taste and great packaging,"Fantastic taste and great packaging, five stars from me"
222,Health Supplements,5,Fantastic taste and great packaging,"Fantastic taste and great packaging, five stars from me Really."
223,Pet Food,1,The taste was awful and the packaging wa,The taste was awful and the packaging was damaged Overall a solid experience.
224,Pet Food,4,Fantastic taste and great packaging,"Fantastic taste and great packaging, five stars from me Overall a solid experience."
225,Kitchen Tools,3,It is okay,"It is okay, nothing special but does the job Bought it last week."
226,Coffee & Tea,3,Average product,"Average product, not bad but not great either Really."
227,Kitchen Tools,5,Super satisfied with the quality and the,Super satisfied with the quality and the price point Bought it last week.
228,Health Supplements,4,Super satisfied with the quality and the,Super satisfied with the quality and the price point Just my honest opinion.
229,Pet Food,5,I absolutely love this product,"I absolutely love this product, it works perfectly and exceeded my expectations"
230,Kitchen Tools,5,Excellent value for money,"Excellent value for money, highly recommend to everyone Just my honest opinion."
231,Skincare,5,Works exactly as described,"Works exactly as described, very happy with this purchase Bought it last week."
232,Skincare,4,Super satisfied with the quality and the,Super satisfied with the quality and the price point Bought it last week.
233,Skincare,5,The best product I have tried so far,"The best product I have tried so far, will reorder soon Bought it last week."
234,Pet Food,4,Fantastic taste and great packaging,"Fantastic taste and great packaging, five stars from me Just my honest opinion."
235,Kitchen Tools,3,Not sure if I would buy this again,"Not sure if I would buy this again, it is just fine Overall a solid experience."
236,Skincare,5,Great quality and fast shipping,"Great quality and fast shipping, will definitely buy again Really."
237,Electronics Accessories,3,Average product,"Average product, not bad but not great either Bought it last week."
238,Health Supplements,1,The taste was awful and the packaging wa,The taste was awful and the packaging was damaged Really.
239,Pet Food,5,Works exactly as described,"Works exactly as described, very happy with this purchase Bought it last week."
240,Pet Food,2,Terrible quality,"Terrible quality, broke after just one use Really."
241,Electronics Accessories,5,Excellent value for money,"Excellent value for money, highly recommend to everyone Overall a solid experience."
242,Electronics Accessories,5,Works exactly as described,"Works exactly as described, very happy with this purchase"
243,Snacks,5,Works exactly as described,"Works exactly as described, very happy with this purchase"
244,Electronics Accessories,4,My family loves it,"My family loves it, we buy this every single month now Overall a solid experience."
245,Snacks,1,Not worth the price,"Not worth the price, quality is really bad"
246,Health Supplements,5,Perfect gift idea,"Perfect gift idea, everyone who tried it was impressed Overall a solid experience."
247,Skincare,4,Super satisfied with the quality and the,Super satisfied with the quality and the price point Just my honest opinion.
248,Pet Food,5,This is amazing,"This is amazing, best purchase I have made this year"
249,Beverages,5,Super satisfied with the quality and the,Super satisfied with the quality and the price point
250,Beverages,5,The best product I have tried so far,"The best product I have tried so far, will reorder soon Just my honest opinion."
251,Electronics Accessories,3,It is okay,"It is okay, nothing special but does the job Really."
252,Beverages,4,Perfect gift idea,"Perfect gift idea, everyone who tried it was impressed Overall a solid experience."
253,Coffee & Tea,5,Excellent value for money,"Excellent value for money, highly recommend to everyone"
254,Kitchen Tools,4,Perfect gift idea,"Perfect gift idea, everyone who tried it was impressed Bought it last week."
255,Health Supplements,2,I regret buying this,"I regret buying this, it did not meet expectations at all Just my honest opinion."
256,Coffee & Tea,5,Super satisfied with the quality and the,Super satisfied with the quality and the price point Overall a solid experience.
257,Snacks,5,Works exactly as described,"Works exactly as described, very happy with this purchase Bought it last week."
258,Kitchen Tools,5,Perfect gift idea,"Perfect gift idea, everyone who tried it was impressed"
259,Beverages,5,Excellent value for money,"Excellent value for money, highly recommend to everyone Overall a solid experience."
260,Electronics Accessories,1,Waste of money,"Waste of money, does not work as advertised Really."
261,Electronics Accessories,5,My family loves it,"My family loves it, we buy this every single month now"
262,Health Supplements,5,I absolutely love this product,"I absolutely love this product, it works perfectly and exceeded my expectations Just my honest opinion."
263,Snacks,2,Not worth the price,"Not worth the price, quality is really bad Overall a solid experience."
264,Pet Food,4,Excellent value for money,"Excellent value for money, highly recommend to everyone Overall a solid experience."
265,Kitchen Tools,5,Super satisfied with the quality and the,Super satisfied with the quality and the price point
266,Kitchen Tools,5,Works exactly as described,"Works exactly as described, very happy with this purchase Bought it last week."
267,Kitchen Tools,5,The best product I have tried so far,"The best product I have tried so far, will reorder soon"
268,Electronics Accessories,5,This is amazing,"This is amazing, best purchase I have made this year Overall a solid experience."
269,Electronics Accessories,4,Great quality and fast shipping,"Great quality and fast shipping, will definitely buy again"
270,Pet Food,3,Not sure if I would buy this again,"Not sure if I would buy this again, it is just fine Bought it last week."
271,Health Supplements,5,Super satisfied with the quality and the,Super satisfied with the quality and the price point
272,Pet Food,5,Works exactly as described,"Works exactly as described, very happy with this purchase Just my honest opinion."
273,Health Supplements,5,My family loves it,"My family loves it, we buy this every single month now Bought it last week."
274,Snacks,5,Super satisfied with the quality and the,Super satisfied with the quality and the price point
275,Pet Food,4,The best product I have tried so far,"The best product I have tried so far, will reorder soon Overall a solid experience."
276,Kitchen Tools,4,I absolutely love this product,"I absolutely love this product, it works perfectly and exceeded my expectations"
277,Snacks,5,Perfect gift idea,"Perfect gift idea, everyone who tried it was impressed Bought it last week."
278,Snacks,5,Works exactly as described,"Works exactly as described, very happy with this purchase Bought it last week."
279,Health Supplements,5,This is amazing,"This is amazing, best purchase I have made this year Just my honest opinion."
280,Coffee & Tea,5,Works exactly as described,"Works exactly as described, very happy with this purchase Really."
281,Health Supplements,5,Super satisfied with the quality and the,Super satisfied with the quality and the price point
282,Skincare,4,Fantastic taste and great packaging,"Fantastic taste and great packaging, five stars from me Just my honest opinion."
283,Electronics Accessories,4,Fantastic taste and great packaging,"Fantastic taste and great packaging, five stars from me"
284,Health Supplements,1,This is the worst product I have ever bo,This is the worst product I have ever bought Just my honest opinion.
285,Snacks,5,Works exactly as described,"Works exactly as described, very happy with this purchase Just my honest opinion."
286,Skincare,1,Not worth the price,"Not worth the price, quality is really bad"
287,Beverages,4,Works exactly as described,"Works exactly as described, very happy with this purchase Overall a solid experience."
288,Snacks,4,The best product I have tried so far,"The best product I have tried so far, will reorder soon Bought it last week."
289,Snacks,3,It is fine for daily use,"It is fine for daily use, no major complaints Just my honest opinion."
290,Skincare,5,Excellent value for money,"Excellent value for money, highly recommend to everyone Bought it last week."
291,Snacks,1,Not worth the price,"Not worth the price, quality is really bad Just my honest opinion."
292,Electronics Accessories,1,The taste was awful and the packaging wa,The taste was awful and the packaging was damaged Overall a solid experience.
293,Health Supplements,5,Works exactly as described,"Works exactly as described, very happy with this purchase Just my honest opinion."
294,Kitchen Tools,4,Great quality and fast shipping,"Great quality and fast shipping, will definitely buy again"
295,Snacks,2,Waste of money,"Waste of money, does not work as advertised Overall a solid experience."
296,Beverages,4,My family loves it,"My family loves it, we buy this every single month now Just my honest opinion."
297,Health Supplements,5,Excellent value for money,"Excellent value for money, highly recommend to everyone"
298,Health Supplements,3,Average product,"Average product, not bad but not great either Really."
299,Pet Food,5,Works exactly as described,"Works exactly as described, very happy with this purchase Bought it last week."
300,Health Supplements,1,Completely useless,"Completely useless, going to return it immediately Just my honest opinion."
301,Electronics Accessories,1,The taste was awful and the packaging wa,The taste was awful and the packaging was damaged Just my honest opinion.
302,Electronics Accessories,4,The best product I have tried so far,"The best product I have tried so far, will reorder soon Really."
303,Coffee & Tea,4,Great quality and fast shipping,"Great quality and fast shipping, will definitely buy again Overall a solid experience."
304,Pet Food,5,Fantastic taste and great packaging,"Fantastic taste and great packaging, five stars from me Bought it last week."
305,Pet Food,5,I absolutely love this product,"I absolutely love this product, it works perfectly and exceeded my expectations Overall a solid experience."
306,Health Supplements,5,Perfect gift idea,"Perfect gift idea, everyone who tried it was impressed Bought it last week."
307,Health Supplements,4,This is amazing,"This is amazing, best purchase I have made this year Just my honest opinion."
308,Coffee & Tea,4,Fantastic taste and great packaging,"Fantastic taste and great packaging, five stars from me Overall a solid experience."
309,Kitchen Tools,5,Super satisfied with the quality and the,Super satisfied with the quality and the price point Overall a solid experience.
310,Coffee & Tea,3,It works fine,"It works fine, though I expected a bit more Bought it last week."
311,Snacks,4,Excellent value for money,"Excellent value for money, highly recommend to everyone Just my honest opinion."
312,Coffee & Tea,1,This is the worst product I have ever bo,This is the worst product I have ever bought Just my honest opinion.
313,Health Supplements,1,Completely useless,"Completely useless, going to return it immediately Really."
314,Skincare,5,I absolutely love this product,"I absolutely love this product, it works perfectly and exceeded my expectations Really."
315,Beverages,5,Great quality and fast shipping,"Great quality and fast shipping, will definitely buy again Just my honest opinion."
316,Snacks,5,My family loves it,"My family loves it, we buy this every single month now Just my honest opinion."
317,Electronics Accessories,4,This is amazing,"This is amazing, best purchase I have made this year Just my honest opinion."
318,Pet Food,2,Terrible quality,"Terrible quality, broke after just one use Just my honest opinion."
319,Coffee & Tea,2,This is the worst product I have ever bo,This is the worst product I have ever bought Bought it last week.
320,Coffee & Tea,3,Average product,"Average product, not bad but not great either Overall a solid experience."
321,Snacks,4,Fantastic taste and great packaging,"Fantastic taste and great packaging, five stars from me Just my honest opinion."
322,Kitchen Tools,5,Perfect gift idea,"Perfect gift idea, everyone who tried it was impressed"
323,Beverages,5,Works exactly as described,"Works exactly as described, very happy with this purchase Really."
324,Beverages,3,Does what it says,"Does what it says, nothing more nothing less"
325,Pet Food,5,Super satisfied with the quality and the,Super satisfied with the quality and the price point Really.
326,Skincare,5,I absolutely love this product,"I absolutely love this product, it works perfectly and exceeded my expectations"
327,Skincare,5,I absolutely love this product,"I absolutely love this product, it works perfectly and exceeded my expectations Overall a solid experience."
328,Electronics Accessories,5,Fantastic taste and great packaging,"Fantastic taste and great packaging, five stars from me Just my honest opinion."
329,Coffee & Tea,4,Excellent value for money,"Excellent value for money, highly recommend to everyone Bought it last week."
330,Electronics Accessories,3,Decent quality for the price,"Decent quality for the price, meets basic expectations Really."
331,Coffee & Tea,4,Great quality and fast shipping,"Great quality and fast shipping, will definitely buy again Bought it last week."
332,Health Supplements,5,Perfect gift idea,"Perfect gift idea, everyone who tried it was impressed Really."
333,Health Supplements,1,Waste of money,"Waste of money, does not work as advertised Really."
334,Pet Food,2,Poor customer service and the product ar,Poor customer service and the product arrived late Just my honest opinion.
335,Pet Food,1,Very disappointed with this purchase,"Very disappointed with this purchase, would not recommend Just my honest opinion."
336,Beverages,1,I regret buying this,"I regret buying this, it did not meet expectations at all Really."
337,Pet Food,5,Super satisfied with the quality and the,Super satisfied with the quality and the price point Overall a solid experience.
338,Health Supplements,5,The best product I have tried so far,"The best product I have tried so far, will reorder soon Overall a solid experience."
339,Coffee & Tea,4,Works exactly as described,"Works exactly as described, very happy with this purchase Really."
340,Kitchen Tools,1,Not worth the price,"Not worth the price, quality is really bad"
341,Skincare,4,The best product I have tried so far,"The best product I have tried so far, will reorder soon Bought it last week."
342,Pet Food,4,Perfect gift idea,"Perfect gift idea, everyone who tried it was impressed Overall a solid experience."
343,Pet Food,2,Very disappointed with this purchase,"Very disappointed with this purchase, would not recommend Just my honest opinion."
344,Snacks,4,I absolutely love this product,"I absolutely love this product, it works perfectly and exceeded my expectations Bought it last week."
345,Pet Food,4,Perfect gift idea,"Perfect gift idea, everyone who tried it was impressed Just my honest opinion."
346,Skincare,5,Excellent value for money,"Excellent value for money, highly recommend to everyone Bought it last week."
347,Pet Food,5,Excellent value for money,"Excellent value for money, highly recommend to everyone Really."
348,Snacks,1,Waste of money,"Waste of money, does not work as advertised"
349,Snacks,4,Works exactly as described,"Works exactly as described, very happy with this purchase Just my honest opinion."
350,Electronics Accessories,5,Perfect gift idea,"Perfect gift idea, everyone who tried it was impressed Overall a solid experience."
351,Skincare,4,Great quality and fast shipping,"Great quality and fast shipping, will definitely buy again Overall a solid experience."
352,Kitchen Tools,5,The best product I have tried so far,"The best product I have tried so far, will reorder soon Really."
353,Skincare,5,This is amazing,"This is amazing, best purchase I have made this year Bought it last week."
354,Pet Food,2,I regret buying this,"I regret buying this, it did not meet expectations at all Bought it last week."
355,Health Supplements,1,Waste of money,"Waste of money, does not work as advertised Overall a solid experience."
356,Beverages,5,Works exactly as described,"Works exactly as described, very happy with this purchase Overall a solid experience."
357,Electronics Accessories,1,Not worth the price,"Not worth the price, quality is really bad"
358,Skincare,5,Excellent value for money,"Excellent value for money, highly recommend to everyone Just my honest opinion."
359,Snacks,5,Great quality and fast shipping,"Great quality and fast shipping, will definitely buy again Just my honest opinion."
360,Beverages,5,Works exactly as described,"Works exactly as described, very happy with this purchase Bought it last week."
361,Pet Food,4,Super satisfied with the quality and the,Super satisfied with the quality and the price point Overall a solid experience.
362,Skincare,5,Perfect gift idea,"Perfect gift idea, everyone who tried it was impressed Just my honest opinion."
363,Health Supplements,4,Great quality and fast shipping,"Great quality and fast shipping, will definitely buy again Really."
364,Skincare,4,I absolutely love this product,"I absolutely love this product, it works perfectly and exceeded my expectations Bought it last week."
365,Beverages,5,Perfect gift idea,"Perfect gift idea, everyone who tried it was impressed Really."
366,Coffee & Tea,4,Super satisfied with the quality and the,Super satisfied with the quality and the price point Overall a solid experience.
367,Snacks,5,Great quality and fast shipping,"Great quality and fast shipping, will definitely buy again Really."
368,Health Supplements,5,I absolutely love this product,"I absolutely love this product, it works perfectly and exceeded my expectations Overall a solid experience."
369,Kitchen Tools,3,Average product,"Average product, not bad but not great either"
370,Coffee & Tea,1,I regret buying this,"I regret buying this, it did not meet expectations at all Really."
371,Coffee & Tea,2,Not worth the price,"Not worth the price, quality is really bad Overall a solid experience."
372,Beverages,1,Waste of money,"Waste of money, does not work as advertised Just my honest opinion."
373,Coffee & Tea,1,Not worth the price,"Not worth the price, quality is really bad Bought it last week."
374,Skincare,5,Works exactly as described,"Works exactly as described, very happy with this purchase"
375,Health Supplements,1,The taste was awful and the packaging wa,The taste was awful and the packaging was damaged Just my honest opinion.
376,Beverages,4,Excellent value for money,"Excellent value for money, highly recommend to everyone Overall a solid experience."
377,Skincare,5,Fantastic taste and great packaging,"Fantastic taste and great packaging, five stars from me Bought it last week."
378,Pet Food,1,Very disappointed with this purchase,"Very disappointed with this purchase, would not recommend Just my honest opinion."
379,Health Supplements,5,Excellent value for money,"Excellent value for money, highly recommend to everyone"
380,Snacks,3,Average product,"Average product, not bad but not great either Really."
381,Kitchen Tools,2,Very disappointed with this purchase,"Very disappointed with this purchase, would not recommend Overall a solid experience."
382,Kitchen Tools,5,This is amazing,"This is amazing, best purchase I have made this year Bought it last week."
383,Kitchen Tools,5,Great quality and fast shipping,"Great quality and fast shipping, will definitely buy again Bought it last week."
384,Kitchen Tools,5,Perfect gift idea,"Perfect gift idea, everyone who tried it was impressed Really."
385,Snacks,5,Fantastic taste and great packaging,"Fantastic taste and great packaging, five stars from me Really."
386,Electronics Accessories,5,Works exactly as described,"Works exactly as described, very happy with this purchase Really."
387,Beverages,3,Not sure if I would buy this again,"Not sure if I would buy this again, it is just fine Really."
388,Snacks,2,Very disappointed with this purchase,"Very disappointed with this purchase, would not recommend Really."
389,Skincare,5,Fantastic taste and great packaging,"Fantastic taste and great packaging, five stars from me Really."
390,Pet Food,5,I absolutely love this product,"I absolutely love this product, it works perfectly and exceeded my expectations Really."
391,Coffee & Tea,5,I absolutely love this product,"I absolutely love this product, it works perfectly and exceeded my expectations Really."
392,Beverages,4,My family loves it,"My family loves it, we buy this every single month now"
393,Skincare,4,Super satisfied with the quality and the,Super satisfied with the quality and the price point Just my honest opinion.
394,Beverages,5,My family loves it,"My family loves it, we buy this every single month now Bought it last week."
395,Kitchen Tools,4,Super satisfied with the quality and the,Super satisfied with the quality and the price point Bought it last week.
396,Pet Food,5,Perfect gift idea,"Perfect gift idea, everyone who tried it was impressed"
397,Snacks,5,Super satisfied with the quality and the,Super satisfied with the quality and the price point
398,Coffee & Tea,4,Super satisfied with the quality and the,Super satisfied with the quality and the price point Just my honest opinion.
399,Health Supplements,5,Great quality and fast shipping,"Great quality and fast shipping, will definitely buy again Just my honest opinion."
400,Skincare,5,Great quality and fast shipping,"Great quality and fast shipping, will definitely buy again"
401,Electronics Accessories,2,Waste of money,"Waste of money, does not work as advertised"
402,Skincare,5,Works exactly as described,"Works exactly as described, very happy with this purchase Bought it last week."
403,Pet Food,4,The best product I have tried so far,"The best product I have tried so far, will reorder soon Bought it last week."
404,Coffee & Tea,5,Super satisfied with the quality and the,Super satisfied with the quality and the price point Bought it last week.
405,Kitchen Tools,4,Great quality and fast shipping,"Great quality and fast shipping, will definitely buy again"
406,Kitchen Tools,5,The best product I have tried so far,"The best product I have tried so far, will reorder soon Just my honest opinion."
407,Health Supplements,4,The best product I have tried so far,"The best product I have tried so far, will reorder soon Overall a solid experience."
408,Beverages,1,Completely useless,"Completely useless, going to return it immediately Just my honest opinion."
409,Skincare,5,Fantastic taste and great packaging,"Fantastic taste and great packaging, five stars from me Just my honest opinion."
410,Electronics Accessories,1,Poor customer service and the product ar,Poor customer service and the product arrived late Overall a solid experience.
411,Beverages,4,Super satisfied with the quality and the,Super satisfied with the quality and the price point
412,Coffee & Tea,5,Great quality and fast shipping,"Great quality and fast shipping, will definitely buy again"
413,Electronics Accessories,5,Great quality and fast shipping,"Great quality and fast shipping, will definitely buy again Overall a solid experience."
414,Skincare,5,My family loves it,"My family loves it, we buy this every single month now"
415,Skincare,5,Great quality and fast shipping,"Great quality and fast shipping, will definitely buy again Just my honest opinion."
416,Pet Food,4,The best product I have tried so far,"The best product I have tried so far, will reorder soon"
417,Beverages,3,Not sure if I would buy this again,"Not sure if I would buy this again, it is just fine Overall a solid experience."
418,Kitchen Tools,4,Perfect gift idea,"Perfect gift idea, everyone who tried it was impressed Bought it last week."
419,Kitchen Tools,5,This is amazing,"This is amazing, best purchase I have made this year Just my honest opinion."
420,Skincare,5,Great quality and fast shipping,"Great quality and fast shipping, will definitely buy again Overall a solid experience."
421,Kitchen Tools,5,Great quality and fast shipping,"Great quality and fast shipping, will definitely buy again Overall a solid experience."
422,Snacks,5,The best product I have tried so far,"The best product I have tried so far, will reorder soon Bought it last week."
423,Electronics Accessories,1,Poor customer service and the product ar,Poor customer service and the product arrived late
424,Skincare,4,Works exactly as described,"Works exactly as described, very happy with this purchase Overall a solid experience."
425,Electronics Accessories,1,This is the worst product I have ever bo,This is the worst product I have ever bought
426,Coffee & Tea,4,This is amazing,"This is amazing, best purchase I have made this year Bought it last week."
427,Snacks,4,Great quality and fast shipping,"Great quality and fast shipping, will definitely buy again Really."
428,Kitchen Tools,5,Great quality and fast shipping,"Great quality and fast shipping, will definitely buy again Bought it last week."
429,Health Supplements,4,The best product I have tried so far,"The best product I have tried so far, will reorder soon Just my honest opinion."
430,Skincare,2,This is the worst product I have ever bo,This is the worst product I have ever bought Really.
431,Beverages,2,Poor customer service and the product ar,Poor customer service and the product arrived late Overall a solid experience.
432,Electronics Accessories,5,I absolutely love this product,"I absolutely love this product, it works perfectly and exceeded my expectations Really."
433,Beverages,5,Perfect gift idea,"Perfect gift idea, everyone who tried it was impressed"
434,Coffee & Tea,2,Poor customer service and the product ar,Poor customer service and the product arrived late Just my honest opinion.
435,Health Supplements,1,Not worth the price,"Not worth the price, quality is really bad Bought it last week."
436,Kitchen Tools,5,The best product I have tried so far,"The best product I have tried so far, will reorder soon Overall a solid experience."
437,Skincare,1,I regret buying this,"I regret buying this, it did not meet expectations at all"
438,Pet Food,5,The best product I have tried so far,"The best product I have tried so far, will reorder soon"
439,Pet Food,5,Perfect gift idea,"Perfect gift idea, everyone who tried it was impressed Just my honest opinion."
440,Coffee & Tea,1,Very disappointed with this purchase,"Very disappointed with this purchase, would not recommend Really."
441,Kitchen Tools,1,Very disappointed with this purchase,"Very disappointed with this purchase, would not recommend"
442,Electronics Accessories,5,Works exactly as described,"Works exactly as described, very happy with this purchase Really."
443,Skincare,4,Works exactly as described,"Works exactly as described, very happy with this purchase Overall a solid experience."
444,Health Supplements,4,Great quality and fast shipping,"Great quality and fast shipping, will definitely buy again"
445,Electronics Accessories,5,The best product I have tried so far,"The best product I have tried so far, will reorder soon Really."
446,Kitchen Tools,5,The best product I have tried so far,"The best product I have tried so far, will reorder soon Bought it last week."
447,Skincare,5,My family loves it,"My family loves it, we buy this every single month now Bought it last week."
448,Snacks,5,Great quality and fast shipping,"Great quality and fast shipping, will definitely buy again Just my honest opinion."
449,Health Supplements,4,The best product I have tried so far,"The best product I have tried so far, will reorder soon"
450,Coffee & Tea,1,Terrible quality,"Terrible quality, broke after just one use Overall a solid experience."
451,Coffee & Tea,5,Perfect gift idea,"Perfect gift idea, everyone who tried it was impressed Just my honest opinion."
452,Coffee & Tea,5,Works exactly as described,"Works exactly as described, very happy with this purchase"
453,Electronics Accessories,4,I absolutely love this product,"I absolutely love this product, it works perfectly and exceeded my expectations Overall a solid experience."
454,Skincare,5,Perfect gift idea,"Perfect gift idea, everyone who tried it was impressed Just my honest opinion."
455,Beverages,2,Terrible quality,"Terrible quality, broke after just one use Just my honest opinion."
456,Coffee & Tea,4,Excellent value for money,"Excellent value for money, highly recommend to everyone Just my honest opinion."
457,Coffee & Tea,1,I regret buying this,"I regret buying this, it did not meet expectations at all"
458,Kitchen Tools,4,Works exactly as described,"Works exactly as described, very happy with this purchase Overall a solid experience."
459,Beverages,1,This is the worst product I have ever bo,This is the worst product I have ever bought Really.
460,Kitchen Tools,2,I regret buying this,"I regret buying this, it did not meet expectations at all"
461,Electronics Accessories,2,This is the worst product I have ever bo,This is the worst product I have ever bought Overall a solid experience.
462,Electronics Accessories,5,Excellent value for money,"Excellent value for money, highly recommend to everyone"
463,Electronics Accessories,5,Works exactly as described,"Works exactly as described, very happy with this purchase Really."
464,Beverages,5,Perfect gift idea,"Perfect gift idea, everyone who tried it was impressed Really."
465,Health Supplements,5,This is amazing,"This is amazing, best purchase I have made this year Just my honest opinion."
466,Health Supplements,4,Perfect gift idea,"Perfect gift idea, everyone who tried it was impressed Bought it last week."
467,Electronics Accessories,3,The product is acceptable but packaging ,The product is acceptable but packaging could be better Overall a solid experience.
468,Health Supplements,5,Super satisfied with the quality and the,Super satisfied with the quality and the price point
469,Pet Food,3,It is fine for daily use,"It is fine for daily use, no major complaints Overall a solid experience."
470,Skincare,5,Perfect gift idea,"Perfect gift idea, everyone who tried it was impressed"
471,Pet Food,1,I regret buying this,"I regret buying this, it did not meet expectations at all"
472,Snacks,5,Super satisfied with the quality and the,Super satisfied with the quality and the price point Just my honest opinion.
473,Pet Food,1,Very disappointed with this purchase,"Very disappointed with this purchase, would not recommend Overall a solid experience."
474,Coffee & Tea,5,Great quality and fast shipping,"Great quality and fast shipping, will definitely buy again"
475,Snacks,4,Super satisfied with the quality and the,Super satisfied with the quality and the price point Bought it last week.
476,Kitchen Tools,5,Super satisfied with the quality and the,Super satisfied with the quality and the price point Bought it last week.
477,Health Supplements,1,This is the worst product I have ever bo,This is the worst product I have ever bought Bought it last week.
478,Snacks,5,My family loves it,"My family loves it, we buy this every single month now Really."
479,Skincare,5,Super satisfied with the quality and the,Super satisfied with the quality and the price point
480,Electronics Accessories,4,Great quality and fast shipping,"Great quality and fast shipping, will definitely buy again Bought it last week."
481,Health Supplements,5,I absolutely love this product,"I absolutely love this product, it works perfectly and exceeded my expectations Really."
482,Electronics Accessories,5,Super satisfied with the quality and the,Super satisfied with the quality and the price point Bought it last week.
483,Pet Food,4,Fantastic taste and great packaging,"Fantastic taste and great packaging, five stars from me Overall a solid experience."
484,Skincare,5,The best product I have tried so far,"The best product I have tried so far, will reorder soon Just my honest opinion."
485,Skincare,5,Perfect gift idea,"Perfect gift idea, everyone who tried it was impressed"
486,Beverages,5,Great quality and fast shipping,"Great quality and fast shipping, will definitely buy again Overall a solid experience."
487,Pet Food,1,I regret buying this,"I regret buying this, it did not meet expectations at all Just my honest opinion."
488,Electronics Accessories,3,Not sure if I would buy this again,"Not sure if I would buy this again, it is just fine Bought it last week."
489,Electronics Accessories,5,Fantastic taste and great packaging,"Fantastic taste and great packaging, five stars from me"
490,Coffee & Tea,5,Fantastic taste and great packaging,"Fantastic taste and great packaging, five stars from me Overall a solid experience."
491,Beverages,4,This is amazing,"This is amazing, best purchase I have made this year Bought it last week."
492,Coffee & Tea,5,Works exactly as described,"Works exactly as described, very happy with this purchase Bought it last week."
493,Beverages,3,The product is acceptable but packaging ,The product is acceptable but packaging could be better Really.
494,Skincare,3,Does what it says,"Does what it says, nothing more nothing less Bought it last week."
495,Pet Food,4,I absolutely love this product,"I absolutely love this product, it works perfectly and exceeded my expectations Overall a solid experience."
496,Skincare,4,This is amazing,"This is amazing, best purchase I have made this year Really."
497,Kitchen Tools,5,Super satisfied with the quality and the,Super satisfied with the quality and the price point Really.
498,Beverages,1,Waste of money,"Waste of money, does not work as advertised Really."
499,Snacks,5,Works exactly as described,"Works exactly as described, very happy with this purchase"
500,Electronics Accessories,5,Fantastic taste and great packaging,"Fantastic taste and great packaging, five stars from me Bought it last week."
501,Electronics Accessories,5,Perfect gift idea,"Perfect gift idea, everyone who tried it was impressed Just my honest opinion."
502,Electronics Accessories,4,This is amazing,"This is amazing, best purchase I have made this year Really."
503,Coffee & Tea,4,Super satisfied with the quality and the,Super satisfied with the quality and the price point
504,Health Supplements,5,Fantastic taste and great packaging,"Fantastic taste and great packaging, five stars from me Really."
505,Health Supplements,5,Perfect gift idea,"Perfect gift idea, everyone who tried it was impressed Overall a solid experience."
506,Kitchen Tools,2,The taste was awful and the packaging wa,The taste was awful and the packaging was damaged Bought it last week.
507,Kitchen Tools,5,Works exactly as described,"Works exactly as described, very happy with this purchase Just my honest opinion."
508,Health Supplements,5,Fantastic taste and great packaging,"Fantastic taste and great packaging, five stars from me Bought it last week."
509,Coffee & Tea,5,Super satisfied with the quality and the,Super satisfied with the quality and the price point Overall a solid experience.
510,Coffee & Tea,5,My family loves it,"My family loves it, we buy this every single month now Bought it last week."
511,Electronics Accessories,5,This is amazing,"This is amazing, best purchase I have made this year Really."
512,Health Supplements,4,Works exactly as described,"Works exactly as described, very happy with this purchase"
513,Beverages,5,Fantastic taste and great packaging,"Fantastic taste and great packaging, five stars from me Bought it last week."
514,Pet Food,5,My family loves it,"My family loves it, we buy this every single month now"
515,Pet Food,1,Terrible quality,"Terrible quality, broke after just one use Really."
516,Electronics Accessories,1,Not worth the price,"Not worth the price, quality is really bad Bought it last week."
517,Kitchen Tools,4,The best product I have tried so far,"The best product I have tried so far, will reorder soon"
518,Snacks,5,Super satisfied with the quality and the,Super satisfied with the quality and the price point Overall a solid experience.
519,Coffee & Tea,5,The best product I have tried so far,"The best product I have tried so far, will reorder soon"
520,Kitchen Tools,2,I regret buying this,"I regret buying this, it did not meet expectations at all Overall a solid experience."
521,Skincare,5,The best product I have tried so far,"The best product I have tried so far, will reorder soon"
522,Skincare,4,Excellent value for money,"Excellent value for money, highly recommend to everyone"
523,Electronics Accessories,5,Great quality and fast shipping,"Great quality and fast shipping, will definitely buy again Overall a solid experience."
524,Pet Food,5,This is amazing,"This is amazing, best purchase I have made this year"
525,Health Supplements,5,Super satisfied with the quality and the,Super satisfied with the quality and the price point Really.
526,Snacks,4,Super satisfied with the quality and the,Super satisfied with the quality and the price point Bought it last week.
527,Pet Food,4,Great quality and fast shipping,"Great quality and fast shipping, will definitely buy again"
528,Coffee & Tea,3,It works fine,"It works fine, though I expected a bit more Really."
529,Kitchen Tools,1,Terrible quality,"Terrible quality, broke after just one use Overall a solid experience."
530,Snacks,5,Works exactly as described,"Works exactly as described, very happy with this purchase"
531,Health Supplements,5,Excellent value for money,"Excellent value for money, highly recommend to everyone Just my honest opinion."
532,Health Supplements,5,Great quality and fast shipping,"Great quality and fast shipping, will definitely buy again"
533,Snacks,5,Perfect gift idea,"Perfect gift idea, everyone who tried it was impressed Bought it last week."
534,Kitchen Tools,5,My family loves it,"My family loves it, we buy this every single month now Bought it last week."
535,Coffee & Tea,5,This is amazing,"This is amazing, best purchase I have made this year Overall a solid experience."
536,Skincare,5,I absolutely love this product,"I absolutely love this product, it works perfectly and exceeded my expectations Bought it last week."
537,Coffee & Tea,5,Excellent value for money,"Excellent value for money, highly recommend to everyone Bought it last week."
538,Skincare,3,Decent quality for the price,"Decent quality for the price, meets basic expectations"
539,Snacks,4,Great quality and fast shipping,"Great quality and fast shipping, will definitely buy again Bought it last week."
540,Snacks,2,Completely useless,"Completely useless, going to return it immediately Just my honest opinion."
541,Pet Food,5,The best product I have tried so far,"The best product I have tried so far, will reorder soon Overall a solid experience."
542,Beverages,5,I absolutely love this product,"I absolutely love this product, it works perfectly and exceeded my expectations Overall a solid experience."
543,Beverages,3,The product is acceptable but packaging ,The product is acceptable but packaging could be better Really.
544,Electronics Accessories,5,Perfect gift idea,"Perfect gift idea, everyone who tried it was impressed Overall a solid experience."
545,Skincare,5,I absolutely love this product,"I absolutely love this product, it works perfectly and exceeded my expectations Overall a solid experience."
546,Health Supplements,4,This is amazing,"This is amazing, best purchase I have made this year Just my honest opinion."
547,Beverages,2,Waste of money,"Waste of money, does not work as advertised Really."
548,Pet Food,5,Super satisfied with the quality and the,Super satisfied with the quality and the price point
549,Kitchen Tools,4,Excellent value for money,"Excellent value for money, highly recommend to everyone"
550,Pet Food,5,I absolutely love this product,"I absolutely love this product, it works perfectly and exceeded my expectations Overall a solid experience."
551,Health Supplements,4,My family loves it,"My family loves it, we buy this every single month now Just my honest opinion."
552,Kitchen Tools,5,Works exactly as described,"Works exactly as described, very happy with this purchase"
553,Snacks,5,Works exactly as described,"Works exactly as described, very happy with this purchase Overall a solid experience."
554,Beverages,5,Fantastic taste and great packaging,"Fantastic taste and great packaging, five stars from me Overall a solid experience."
555,Coffee & Tea,5,Fantastic taste and great packaging,"Fantastic taste and great packaging, five stars from me Just my honest opinion."
556,Skincare,4,Super satisfied with the quality and the,Super satisfied with the quality and the price point Just my honest opinion.
557,Health Supplements,2,Waste of money,"Waste of money, does not work as advertised Just my honest opinion."
558,Pet Food,1,This is the worst product I have ever bo,This is the worst product I have ever bought Bought it last week.
559,Beverages,5,Great quality and fast shipping,"Great quality and fast shipping, will definitely buy again Just my honest opinion."
560,Electronics Accessories,5,The best product I have tried so far,"The best product I have tried so far, will reorder soon Bought it last week."
561,Skincare,5,My family loves it,"My family loves it, we buy this every single month now Overall a solid experience."
562,Skincare,3,Average product,"Average product, not bad but not great either"
563,Health Supplements,2,Poor customer service and the product ar,Poor customer service and the product arrived late Overall a solid experience.
564,Health Supplements,1,Completely useless,"Completely useless, going to return it immediately Really."
565,Snacks,4,Fantastic taste and great packaging,"Fantastic taste and great packaging, five stars from me Just my honest opinion."
566,Coffee & Tea,5,Fantastic taste and great packaging,"Fantastic taste and great packaging, five stars from me Bought it last week."
567,Beverages,4,Works exactly as described,"Works exactly as described, very happy with this purchase"
568,Electronics Accessories,4,The best product I have tried so far,"The best product I have tried so far, will reorder soon Overall a solid experience."
569,Health Supplements,5,I absolutely love this product,"I absolutely love this product, it works perfectly and exceeded my expectations Really."
570,Beverages,4,I absolutely love this product,"I absolutely love this product, it works perfectly and exceeded my expectations Really."
571,Skincare,4,Excellent value for money,"Excellent value for money, highly recommend to everyone Overall a solid experience."
572,Snacks,5,The best product I have tried so far,"The best product I have tried so far, will reorder soon Bought it last week."
573,Health Supplements,4,Perfect gift idea,"Perfect gift idea, everyone who tried it was impressed Really."
574,Health Supplements,5,Fantastic taste and great packaging,"Fantastic taste and great packaging, five stars from me Overall a solid experience."
575,Electronics Accessories,5,Great quality and fast shipping,"Great quality and fast shipping, will definitely buy again Bought it last week."
576,Coffee & Tea,5,My family loves it,"My family loves it, we buy this every single month now Overall a solid experience."
577,Kitchen Tools,2,This is the worst product I have ever bo,This is the worst product I have ever bought Overall a solid experience.
578,Electronics Accessories,5,Great quality and fast shipping,"Great quality and fast shipping, will definitely buy again"
579,Coffee & Tea,4,Super satisfied with the quality and the,Super satisfied with the quality and the price point Bought it last week.
580,Pet Food,3,Average product,"Average product, not bad but not great either Overall a solid experience."
581,Pet Food,4,Super satisfied with the quality and the,Super satisfied with the quality and the price point Really.
582,Beverages,5,Super satisfied with the quality and the,Super satisfied with the quality and the price point Really.
583,Health Supplements,4,This is amazing,"This is amazing, best purchase I have made this year"
584,Beverages,4,This is amazing,"This is amazing, best purchase I have made this year Just my honest opinion."
585,Beverages,5,Fantastic taste and great packaging,"Fantastic taste and great packaging, five stars from me Overall a solid experience."
586,Electronics Accessories,3,Not sure if I would buy this again,"Not sure if I would buy this again, it is just fine Overall a solid experience."
587,Kitchen Tools,1,Waste of money,"Waste of money, does not work as advertised Overall a solid experience."
588,Electronics Accessories,2,Terrible quality,"Terrible quality, broke after just one use Really."
589,Snacks,2,The taste was awful and the packaging wa,The taste was awful and the packaging was damaged Just my honest opinion.
590,Skincare,2,This is the worst product I have ever bo,This is the worst product I have ever bought Bought it last week.
591,Electronics Accessories,2,Not worth the price,"Not worth the price, quality is really bad Bought it last week."
592,Beverages,5,Perfect gift idea,"Perfect gift idea, everyone who tried it was impressed"
593,Health Supplements,3,Not sure if I would buy this again,"Not sure if I would buy this again, it is just fine Just my honest opinion."
594,Coffee & Tea,4,My family loves it,"My family loves it, we buy this every single month now Just my honest opinion."
595,Electronics Accessories,5,Perfect gift idea,"Perfect gift idea, everyone who tried it was impressed"
596,Health Supplements,4,Fantastic taste and great packaging,"Fantastic taste and great packaging, five stars from me"
597,Skincare,5,Super satisfied with the quality and the,Super satisfied with the quality and the price point Bought it last week.
598,Electronics Accessories,2,Waste of money,"Waste of money, does not work as advertised Bought it last week."
599,Snacks,3,Decent quality for the price,"Decent quality for the price, meets basic expectations Just my honest opinion."
600,Electronics Accessories,1,Terrible quality,"Terrible quality, broke after just one use Bought it last week."
