title,genre,price_gbp,rating,availability,in_stock
A of the the Forest #1,Romance,28.73,5,In stock,True
Shadows in Silence #2,Biography,39.93,3,In stock,True
A within Tomorrow #3,Fiction,12.9,5,In stock,True
The of the Dreams #4,Romance,45.4,1,Out of stock,False
Kingdom within Stars #5,Biography,51.62,3,In stock,True
Shadows of Fire #6,Travel,19.17,3,In stock,True
Shadows under Light #7,History,31.6,3,In stock,True
The in Tomorrow #8,Science,16.97,3,In stock,True
Secrets in Dreams #9,Science,32.8,5,In stock,True
A of the Tomorrow #10,Mystery,35.71,4,In stock,True
Journey beyond Light #11,History,40.38,3,In stock,True
The of Memory #12,Biography,57.44,5,In stock,True
A under Silence #13,Biography,25.23,2,In stock,True
Secrets of Light #14,Science,32.01,2,In stock,True
Chronicles in Silence #15,Fiction,11.72,5,In stock,True
Shadows beyond Silence #16,Romance,43.13,3,In stock,True
A under the Forest #17,Poetry,37.34,3,Out of stock,False
Journey in the Sea #18,Science,48.76,5,In stock,True
Shadows of the Forest #19,Mystery,39.89,5,In stock,True
Chronicles of Time #20,Biography,19.8,1,In stock,True
Shadows in Memory #21,Travel,29.43,3,In stock,True
Secrets of Fire #22,Romance,27.84,3,In stock,True
Journey of the Dreams #23,Fiction,17.05,5,In stock,True
Journey under the Forest #24,Mystery,59.34,5,In stock,True
Shadows within the Sea #25,Romance,10.28,5,In stock,True
Echoes under Memory #26,Fantasy,46.45,5,In stock,True
Secrets in Dreams #27,Biography,27.92,2,In stock,True
Kingdom beyond Light #28,Travel,41.16,3,In stock,True
Chronicles under the Sea #29,Romance,25.55,3,In stock,True
Whispers within Memory #30,Mystery,41.88,5,In stock,True
The of the Time #31,Fantasy,15.98,4,In stock,True
Legacy within Silence #32,Travel,38.06,5,In stock,True
Legacy within Memory #33,Biography,36.14,4,In stock,True
Secrets within Stars #34,Mystery,15.39,1,In stock,True
Kingdom beyond the Sea #35,Mystery,25.72,4,Out of stock,False
Secrets under Time #36,Poetry,22.46,4,In stock,True
The of the Forest #37,Biography,21.44,2,In stock,True
Whispers within Silence #38,History,18.06,5,In stock,True
Kingdom within Dreams #39,Fantasy,41.67,5,In stock,True
Journey in Fire #40,Biography,19.33,5,In stock,True
The within the Sea #41,Poetry,50.37,5,In stock,True
The of the the Sea #42,History,15.5,3,In stock,True
Shadows of the Dreams #43,Children's,50.9,5,In stock,True
A of the Memory #44,Mystery,35.54,4,In stock,True
Kingdom in Time #45,Poetry,15.99,3,Out of stock,False
Kingdom in the Forest #46,Biography,26.16,4,In stock,True
Chronicles under Dreams #47,Biography,28.18,5,Out of stock,False
Shadows of the Forest #48,Travel,22.59,4,In stock,True
Journey under Fire #49,Poetry,24.24,1,In stock,True
A in Dreams #50,Mystery,35.13,2,In stock,True
Journey of the Light #51,Biography,55.41,3,In stock,True
Shadows within Dreams #52,Fiction,34.47,5,In stock,True
A of Stars #53,Romance,43.61,5,In stock,True
A of the the Sea #54,Mystery,46.41,3,In stock,True
Kingdom in the Forest #55,Poetry,41.68,4,In stock,True
Shadows within Time #56,Children's,51.77,3,In stock,True
Chronicles under Dreams #57,Poetry,12.04,4,In stock,True
Legacy in Silence #58,Mystery,10.83,4,In stock,True
Legacy beyond Tomorrow #59,Travel,42.26,3,In stock,True
Echoes of Stars #60,Mystery,29.34,5,In stock,True
The under the Sea #61,Mystery,27.05,2,Out of stock,False
Shadows in Dreams #62,Biography,53.87,3,In stock,True
Echoes in Tomorrow #63,Fantasy,50.86,4,In stock,True
Secrets under Dreams #64,Mystery,22.09,2,In stock,True
Echoes within Silence #65,Fiction,55.02,4,In stock,True
Kingdom of the Silence #66,Romance,27.46,4,In stock,True
Whispers under Memory #67,Poetry,54.35,5,In stock,True
Shadows under Stars #68,Fantasy,14.21,3,In stock,True
Legacy of the Tomorrow #69,History,40.32,1,In stock,True
Echoes beyond Tomorrow #70,Biography,43.18,1,In stock,True
Echoes in Dreams #71,History,37.44,4,In stock,True
Shadows of the Light #72,Biography,21.21,4,In stock,True
The of the Sea #73,Fiction,26.27,4,In stock,True
The within Memory #74,Biography,52.46,4,In stock,True
Kingdom in Stars #75,Biography,14.68,3,In stock,True
A in Silence #76,Children's,22.2,5,In stock,True
A of Dreams #77,Travel,54.6,4,In stock,True
A within Dreams #78,Children's,35.13,4,In stock,True
Chronicles of the Light #79,Mystery,19.76,4,In stock,True
Legacy of Light #80,Children's,11.22,4,In stock,True
Kingdom beyond the Forest #81,Romance,57.02,5,Out of stock,False
Journey in the Forest #82,Travel,28.51,1,Out of stock,False
Whispers of the Forest #83,Poetry,31.41,5,Out of stock,False
Journey of the Stars #84,Poetry,52.65,3,In stock,True
Chronicles within Silence #85,Mystery,52.56,3,In stock,True
Kingdom in Fire #86,History,37.84,5,In stock,True
Whispers beyond Silence #87,Romance,38.5,2,In stock,True
Journey beyond Time #88,Poetry,59.5,2,In stock,True
Kingdom of the Forest #89,Children's,53.87,4,In stock,True
Kingdom of the Fire #90,History,45.12,3,In stock,True
A in the Forest #91,Mystery,50.47,5,In stock,True
A of Fire #92,Fantasy,55.66,4,In stock,True
Secrets beyond Light #93,Romance,49.91,4,In stock,True
Journey in the Forest #94,Biography,49.79,5,In stock,True
Echoes beyond Stars #95,Mystery,28.78,2,In stock,True
Legacy beyond Stars #96,Fiction,11.8,4,In stock,True
Journey in the Forest #97,Fantasy,24.33,4,In stock,True
Echoes within Tomorrow #98,Biography,11.87,5,In stock,True
The of the Silence #99,Fantasy,16.35,4,In stock,True
Kingdom of the the Sea #100,Children's,20.79,4,In stock,True
Kingdom in Tomorrow #101,Fantasy,12.58,4,In stock,True
The beyond the Sea #102,Fiction,41.87,4,Out of stock,False
Journey in Dreams #103,Mystery,35.82,3,In stock,True
Journey within Tomorrow #104,Children's,23.54,4,In stock,True
Whispers in Time #105,Fantasy,11.27,5,In stock,True
Legacy of the Time #106,Science,44.8,4,In stock,True
Legacy of Dreams #107,History,17.82,3,In stock,True
Whispers of Silence #108,Travel,45.73,4,In stock,True
The under Dreams #109,Romance,57.74,4,In stock,True
Echoes beyond the Forest #110,Romance,40.59,4,In stock,True
Shadows of the Dreams #111,Travel,27.8,5,In stock,True
Journey beyond Silence #112,History,15.8,1,In stock,True
Journey of Fire #113,Travel,52.77,4,In stock,True
Kingdom beyond Stars #114,Mystery,14.89,4,In stock,True
Secrets in Light #115,History,18.66,4,In stock,True
The of the Light #116,Travel,40.79,4,In stock,True
Journey of the Sea #117,Travel,28.73,4,In stock,True
Chronicles within Silence #118,Travel,52.82,4,In stock,True
Chronicles in the Forest #119,Fiction,13.53,4,In stock,True
Legacy of the Fire #120,Biography,39.29,5,In stock,True
Shadows beyond Tomorrow #121,Mystery,29.41,4,In stock,True
Journey within the Sea #122,Mystery,37.28,5,In stock,True
Secrets within the Forest #123,Travel,58.06,5,In stock,True
Journey under the Forest #124,Biography,13.47,2,In stock,True
Whispers in Tomorrow #125,Travel,14.72,4,In stock,True
Whispers within Light #126,History,25.95,5,In stock,True
Legacy within Stars #127,History,50.72,3,In stock,True
Secrets in Tomorrow #128,Children's,44.84,4,In stock,True
Chronicles of the Sea #129,Poetry,46.75,5,In stock,True
Echoes under Dreams #130,Biography,18.87,5,In stock,True
Echoes of Time #131,Mystery,59.53,4,In stock,True
Secrets within Light #132,Science,48.82,3,Out of stock,False
A in the Forest #133,Romance,52.92,4,In stock,True
Shadows in Stars #134,Fiction,47.73,2,Out of stock,False
Shadows under Light #135,Mystery,35.26,5,In stock,True
Echoes under Light #136,Romance,54.78,3,In stock,True
Legacy under Tomorrow #137,Romance,55.27,2,In stock,True
Whispers of Stars #138,Mystery,57.5,5,In stock,True
Legacy in Time #139,Biography,41.59,4,In stock,True
Echoes of the Fire #140,Romance,26.43,4,In stock,True
A under Time #141,Poetry,49.58,5,In stock,True
Kingdom within Light #142,Science,34.72,2,In stock,True
Echoes within Fire #143,Travel,32.08,5,In stock,True
Kingdom under Time #144,Poetry,15.85,2,In stock,True
Echoes beyond Dreams #145,History,40.91,2,In stock,True
Kingdom under Dreams #146,History,45.05,2,In stock,True
Echoes of the the Forest #147,Romance,45.31,2,In stock,True
Secrets beyond the Sea #148,Biography,59.33,3,In stock,True
A in Time #149,Romance,50.64,5,Out of stock,False
Legacy of Time #150,Romance,47.67,3,In stock,True
A under Tomorrow #151,Science,48.86,4,In stock,True
Kingdom under Tomorrow #152,Fiction,55.32,2,In stock,True
Shadows under Tomorrow #153,Children's,10.57,4,In stock,True
The within Tomorrow #154,Poetry,15.94,2,In stock,True
The beyond the Forest #155,Travel,47.3,4,Out of stock,False
Legacy within Fire #156,Children's,28.74,3,In stock,True
Shadows under Dreams #157,History,21.18,5,In stock,True
Legacy under Stars #158,Travel,58.49,1,In stock,True
Journey of Tomorrow #159,Fantasy,36.39,5,In stock,True
Echoes in Light #160,Biography,37.69,5,In stock,True
The under Light #161,Children's,41.47,4,In stock,True
The of the Tomorrow #162,Fantasy,41.38,4,Out of stock,False
Echoes in Stars #163,History,12.27,3,Out of stock,False
Legacy beyond Dreams #164,Poetry,54.51,4,In stock,True
Journey beyond Tomorrow #165,History,23.87,3,In stock,True
Legacy beyond Silence #166,Poetry,27.67,4,In stock,True
The of Fire #167,Fiction,58.72,5,In stock,True
Journey in Silence #168,Fiction,36.8,3,In stock,True
The in Dreams #169,Fiction,44.24,3,Out of stock,False
Chronicles in Dreams #170,Fantasy,51.13,5,In stock,True
Echoes of Silence #171,Children's,40.67,4,Out of stock,False
Shadows under the Forest #172,Science,53.3,1,In stock,True
Whispers within Light #173,Mystery,28.82,5,Out of stock,False
Whispers beyond Silence #174,Children's,17.52,4,In stock,True
The beyond Light #175,Travel,58.5,5,In stock,True
Legacy of Dreams #176,Mystery,33.43,4,In stock,True
Chronicles of Dreams #177,Mystery,12.82,5,In stock,True
Secrets of Light #178,Mystery,59.99,5,In stock,True
Chronicles of the the Sea #179,Biography,48.45,5,In stock,True
Legacy of the Sea #180,Mystery,22.37,4,In stock,True
Kingdom of the Sea #181,Fiction,57.7,4,In stock,True
Legacy under Silence #182,Travel,43.59,4,In stock,True
Journey of Memory #183,Fantasy,15.68,4,In stock,True
Legacy in Fire #184,History,48.62,4,In stock,True
Chronicles within Memory #185,Poetry,37.6,4,In stock,True
Legacy of Light #186,History,30.17,2,In stock,True
Journey in Silence #187,History,47.76,4,In stock,True
Echoes in Memory #188,Children's,20.65,2,In stock,True
Chronicles of Tomorrow #189,Science,27.53,4,In stock,True
The under the Sea #190,Fantasy,31.87,5,In stock,True
Echoes in the Sea #191,History,35.7,5,In stock,True
Journey beyond Light #192,History,41.1,5,Out of stock,False
Kingdom of the Fire #193,Romance,17.35,5,In stock,True
A in Tomorrow #194,Poetry,22.91,4,Out of stock,False
Kingdom in Memory #195,Poetry,34.63,3,In stock,True
Echoes of the Silence #196,History,22.01,2,In stock,True
Shadows under Dreams #197,History,16.4,3,In stock,True
Chronicles beyond Memory #198,Biography,42.04,3,In stock,True
Kingdom beyond Tomorrow #199,Biography,54.84,4,In stock,True
Journey beyond Memory #200,History,18.62,3,In stock,True
Secrets beyond Dreams #201,Mystery,18.45,3,In stock,True
Shadows beyond Silence #202,Biography,14.44,2,In stock,True
Whispers in Dreams #203,Poetry,20.32,3,In stock,True
Secrets of Light #204,Biography,44.52,1,In stock,True
Chronicles beyond Silence #205,Romance,41.4,2,In stock,True
Secrets in the Sea #206,Fantasy,56.04,2,In stock,True
Secrets of the Fire #207,Fantasy,50.31,4,In stock,True
Secrets of the Stars #208,Biography,20.47,3,In stock,True
Secrets of Time #209,Poetry,40.91,3,In stock,True
A of the Light #210,History,47.37,1,In stock,True
Echoes under Memory #211,Science,45.67,5,In stock,True
Whispers of the the Forest #212,Poetry,36.61,2,In stock,True
A of the Tomorrow #213,Poetry,36.63,3,In stock,True
A within Stars #214,Fantasy,28.86,1,In stock,True
Whispers within the Forest #215,Mystery,20.57,3,In stock,True
Shadows of the Fire #216,Travel,54.53,4,In stock,True
Chronicles within Light #217,Romance,49.46,4,In stock,True
Kingdom under Memory #218,Poetry,36.86,4,In stock,True
Secrets within Tomorrow #219,History,31.58,2,In stock,True
Chronicles within Stars #220,Children's,28.15,4,In stock,True
A in Dreams #221,History,27.8,5,In stock,True
A in Dreams #222,Fantasy,21.86,2,In stock,True
Kingdom of the Time #223,Fiction,22.3,3,In stock,True
Legacy under Light #224,Poetry,24.25,3,In stock,True
Secrets of the Dreams #225,History,14.01,4,In stock,True
Secrets of Memory #226,Mystery,59.12,2,In stock,True
Shadows beyond Light #227,Romance,58.47,5,In stock,True
Legacy of the Fire #228,Romance,22.9,3,In stock,True
Whispers beyond Time #229,Mystery,56.47,4,In stock,True
The in the Forest #230,Children's,24.0,5,In stock,True
Chronicles beyond Memory #231,Mystery,26.18,4,In stock,True
Echoes of the Forest #232,Travel,22.12,2,In stock,True
Secrets within Fire #233,Poetry,24.43,4,In stock,True
Echoes of the Light #234,Fiction,34.06,4,In stock,True
Legacy of the Sea #235,Children's,26.83,2,In stock,True
Secrets of the Silence #236,Romance,59.5,3,In stock,True
Chronicles within Stars #237,History,22.73,4,In stock,True
Chronicles of the Time #238,Poetry,39.78,4,In stock,True
Kingdom of Memory #239,History,27.44,5,In stock,True
Whispers within Tomorrow #240,Poetry,58.25,2,In stock,True
A under the Sea #241,Travel,56.92,3,In stock,True
Journey beyond Silence #242,Fantasy,47.06,4,In stock,True
Journey under Memory #243,History,16.99,5,In stock,True
Legacy within Stars #244,Poetry,18.18,3,In stock,True
A beyond the Forest #245,Science,43.26,4,In stock,True
A under Fire #246,Fiction,53.86,3,In stock,True
Kingdom under Tomorrow #247,Fiction,31.96,3,In stock,True
Shadows within the Sea #248,Children's,25.07,4,In stock,True
Echoes of Memory #249,Fiction,21.61,5,In stock,True
Shadows beyond Fire #250,Fantasy,37.18,5,In stock,True
Secrets under Memory #251,Mystery,15.84,5,In stock,True
The of Light #252,Romance,26.75,2,In stock,True
Whispers beyond Fire #253,Fiction,41.0,4,In stock,True
Kingdom under Silence #254,Romance,49.43,3,In stock,True
A under Silence #255,Fantasy,22.42,4,In stock,True
Echoes of the Forest #256,Biography,38.49,5,In stock,True
Secrets under Memory #257,Poetry,27.1,5,In stock,True
Shadows under Fire #258,Fantasy,52.32,2,In stock,True
Legacy in Light #259,Biography,49.86,2,In stock,True
Whispers of the the Forest #260,Travel,46.11,4,In stock,True
Journey within the Forest #261,Fiction,44.7,4,In stock,True
Secrets of the Forest #262,Children's,27.28,3,Out of stock,False
Chronicles of Memory #263,Fantasy,39.17,4,In stock,True
Echoes within Memory #264,Science,57.36,3,In stock,True
Journey within Fire #265,Travel,35.29,4,In stock,True
Echoes beyond Dreams #266,Romance,53.61,5,In stock,True
Chronicles under Dreams #267,Travel,44.83,5,In stock,True
The beyond Memory #268,Travel,17.63,4,In stock,True
Legacy of Time #269,Poetry,31.21,4,Out of stock,False
The in Fire #270,Children's,56.28,4,In stock,True
Journey of the Memory #271,Mystery,59.24,5,In stock,True
Kingdom under Stars #272,Fantasy,56.04,5,In stock,True
Legacy of Time #273,Mystery,39.56,3,In stock,True
Echoes beyond the Sea #274,Children's,26.76,5,In stock,True
Legacy of Silence #275,Science,26.67,3,In stock,True
Kingdom under the Sea #276,Poetry,55.99,3,In stock,True
Kingdom of the Light #277,Mystery,46.88,4,In stock,True
Shadows of the Forest #278,Romance,32.62,2,In stock,True
A under Silence #279,Mystery,34.92,4,Out of stock,False
Echoes in the Forest #280,Fiction,28.12,4,In stock,True
The beyond Stars #281,History,10.65,4,In stock,True
Journey beyond Tomorrow #282,Fantasy,58.05,2,In stock,True
Shadows within Tomorrow #283,Children's,14.27,5,In stock,True
Whispers in Time #284,Mystery,39.77,2,In stock,True
Chronicles under Light #285,Romance,20.5,5,In stock,True
Echoes within Time #286,Romance,19.53,1,In stock,True
Echoes of the Forest #287,Poetry,38.24,2,In stock,True
Secrets of Stars #288,Poetry,32.66,4,In stock,True
Secrets of Fire #289,Fantasy,30.04,4,In stock,True
A under the Sea #290,Children's,19.1,5,Out of stock,False
Secrets of Tomorrow #291,History,28.67,3,In stock,True
Echoes beyond Dreams #292,Travel,30.44,1,In stock,True
Echoes of the Dreams #293,Travel,45.8,4,In stock,True
Chronicles beyond Light #294,History,21.1,3,In stock,True
Secrets of the Tomorrow #295,History,10.99,2,In stock,True
The within Stars #296,Children's,18.93,4,In stock,True
Echoes beyond Dreams #297,Children's,14.97,3,In stock,True
Journey in Dreams #298,Children's,52.78,5,In stock,True
Secrets of Time #299,Mystery,43.4,3,In stock,True
The beyond Memory #300,Fiction,54.82,1,In stock,True
Chronicles beyond Time #301,Mystery,20.39,1,In stock,True
Secrets beyond Tomorrow #302,Fantasy,39.15,4,In stock,True
Shadows in Fire #303,Science,50.87,3,In stock,True
Kingdom within the Forest #304,Fantasy,28.98,4,In stock,True
Secrets under the Forest #305,Science,41.21,4,In stock,True
A under Silence #306,Fantasy,31.81,3,Out of stock,False
Shadows of Tomorrow #307,Biography,48.18,2,In stock,True
Journey of the Tomorrow #308,Fiction,34.37,5,In stock,True
Secrets within Silence #309,Poetry,31.26,1,In stock,True
Journey of the Forest #310,Children's,37.08,4,In stock,True
Legacy of the Sea #311,Mystery,16.97,5,Out of stock,False
Shadows under Stars #312,Children's,36.28,3,In stock,True
Kingdom beyond Light #313,Romance,10.92,5,In stock,True
A of Memory #314,History,38.83,3,In stock,True
Legacy of the Time #315,Fiction,42.57,5,In stock,True
The beyond Memory #316,Mystery,10.55,2,Out of stock,False
A in Fire #317,Fantasy,53.69,4,In stock,True
Legacy under the Sea #318,Biography,43.25,3,Out of stock,False
Legacy within Time #319,Travel,30.94,3,In stock,True
A under Light #320,Travel,12.35,3,In stock,True
Secrets of the the Sea #321,Romance,14.14,4,In stock,True
Echoes under Dreams #322,Science,29.46,3,In stock,True
A of the Sea #323,Biography,45.95,3,In stock,True
Journey of the Tomorrow #324,History,33.8,4,Out of stock,False
Shadows of the Memory #325,Mystery,46.63,3,In stock,True
Shadows of Light #326,Fiction,23.11,4,In stock,True
The beyond Dreams #327,Fantasy,34.82,4,In stock,True
Chronicles in Silence #328,Biography,48.55,2,In stock,True
Shadows within Dreams #329,Romance,46.41,4,In stock,True
Journey in Light #330,Fiction,31.74,3,In stock,True
Secrets in Time #331,Biography,49.97,4,In stock,True
Secrets in Silence #332,Fiction,39.51,3,In stock,True
Whispers of the the Sea #333,Romance,55.87,2,Out of stock,False
Chronicles beyond Stars #334,Fantasy,32.3,3,In stock,True
Secrets of the Time #335,Travel,53.65,4,In stock,True
Kingdom of the Silence #336,Poetry,42.94,4,In stock,True
Echoes beyond Fire #337,Children's,22.48,4,In stock,True
A under Fire #338,Romance,59.38,5,In stock,True
Chronicles of the Fire #339,History,45.28,5,In stock,True
Echoes of Stars #340,Fiction,38.4,5,In stock,True
Echoes under Tomorrow #341,Mystery,44.87,3,Out of stock,False
Echoes of Memory #342,Mystery,58.55,5,In stock,True
A beyond Light #343,Fantasy,53.1,5,In stock,True
A in the Forest #344,Children's,51.45,1,In stock,True
Chronicles within the Sea #345,Travel,21.5,2,In stock,True
Chronicles within the Forest #346,Poetry,44.81,3,In stock,True
Kingdom within Tomorrow #347,Mystery,13.27,3,In stock,True
A of Fire #348,Romance,49.54,3,In stock,True
Legacy under Dreams #349,Travel,54.3,4,In stock,True
Journey under Tomorrow #350,Travel,11.22,5,In stock,True
A beyond Tomorrow #351,Science,53.74,4,Out of stock,False
Secrets beyond Time #352,Poetry,49.94,5,In stock,True
A of the Silence #353,Mystery,48.36,4,In stock,True
Legacy of the the Sea #354,Fantasy,41.38,5,Out of stock,False
Kingdom of the Light #355,Biography,48.41,4,In stock,True
Kingdom beyond Silence #356,Travel,46.88,3,In stock,True
Journey of Tomorrow #357,Fiction,27.73,3,In stock,True
Secrets within the Forest #358,Science,21.68,1,In stock,True
A within Fire #359,Romance,59.39,4,In stock,True
Whispers of Memory #360,Romance,43.98,3,Out of stock,False
A beyond Fire #361,Science,49.32,2,In stock,True
A beyond Light #362,Romance,53.96,5,In stock,True
Legacy within Light #363,Children's,40.67,3,Out of stock,False
Kingdom of the Light #364,History,21.58,5,In stock,True
The in the Forest #365,History,40.39,4,In stock,True
Journey beyond Stars #366,Fantasy,18.83,3,In stock,True
Whispers within Tomorrow #367,Mystery,48.98,3,In stock,True
Whispers of Stars #368,Mystery,58.46,5,Out of stock,False
Kingdom in Tomorrow #369,Travel,59.75,3,In stock,True
Echoes beyond Time #370,Science,47.91,4,In stock,True
Secrets of the Sea #371,Children's,50.79,3,In stock,True
Chronicles of the Stars #372,Fantasy,36.85,4,In stock,True
Whispers within Stars #373,Mystery,14.57,5,In stock,True
Secrets under Tomorrow #374,Poetry,16.48,5,Out of stock,False
Chronicles under Tomorrow #375,History,53.11,5,In stock,True
Shadows within Silence #376,Science,37.54,2,In stock,True
Legacy of the the Forest #377,Children's,28.63,3,In stock,True
Echoes within the Forest #378,Fiction,34.79,2,In stock,True
Shadows under Light #379,Fiction,44.16,2,In stock,True
The in the Forest #380,Romance,34.76,4,In stock,True
Whispers beyond the Forest #381,Science,51.23,3,In stock,True
A of the Memory #382,Travel,38.29,3,In stock,True
Whispers in Tomorrow #383,Biography,49.87,4,In stock,True
Shadows within Fire #384,Science,53.36,4,In stock,True
A under Stars #385,Travel,44.87,4,In stock,True
The under Silence #386,Science,47.64,3,In stock,True
Chronicles under Light #387,Travel,53.59,1,In stock,True
Legacy beyond Silence #388,Travel,16.44,3,In stock,True
The beyond Time #389,Children's,18.04,5,In stock,True
Echoes of the Sea #390,Mystery,35.37,1,In stock,True
Legacy of the Dreams #391,Travel,40.85,5,In stock,True
Chronicles under Fire #392,Mystery,22.99,4,In stock,True
Legacy beyond the Sea #393,Romance,48.99,2,In stock,True
Journey in Silence #394,Biography,37.06,5,In stock,True
A within Fire #395,Romance,41.63,5,In stock,True
Journey beyond Time #396,Romance,56.86,4,In stock,True
A in the Forest #397,Romance,25.05,4,In stock,True
Whispers within Time #398,Mystery,39.11,3,In stock,True
Whispers of Memory #399,Poetry,12.29,5,Out of stock,False
Chronicles within Memory #400,Children's,58.44,4,In stock,True
